source,Human
target,Yield_CO_cl
run0,12.378157615661621
run1,9.670284271240234
run2,11.106837272644043
run3,9.624163627624512
run4,9.346960067749023
run5,9.66717529296875
run6,9.182458877563477
run7,9.241639137268066
run8,15.471567153930664
run9,10.569007873535156
rmse_test_mean,10.625824928283691
rmse_test_max,15.471567153930664
rmse_test_min,9.182458877563477
rmse_test_std,1.8776755332946777
