source,Human
target,Yield_CO_l
run0,0.7798563241958618
run1,0.6817236542701721
run2,0.8501737117767334
run3,0.7898460030555725
run4,0.7842053174972534
run5,0.7073073983192444
run6,0.7125381231307983
run7,0.8159240484237671
run8,0.6281011700630188
run9,0.6408665180206299
r2_test_mean,0.7390542268753052
r2_test_max,0.8501737117767334
r2_test_min,0.6281011700630188
r2_test_std,0.07175577500788057
