source,Human
target,Yield_CO_cl
run0,0.5965936183929443
run1,0.6911131143569946
run2,0.6909217834472656
run3,0.7638064026832581
run4,0.7732389569282532
run5,0.7388613224029541
run6,0.7507949471473694
run7,0.7762605547904968
run8,0.337634801864624
run9,0.5569998621940613
r2_test_mean,0.6676225364208221
r2_test_max,0.7762605547904968
r2_test_min,0.337634801864624
r2_test_std,0.13094657244470106
