source,Human
target,Yield_CO_l
run0,16.994491577148438
run1,18.56859588623047
run2,14.974514961242676
run3,16.172290802001953
run4,17.24449920654297
run5,18.7537784576416
run6,18.57425880432129
run7,15.831256866455078
run8,21.834007263183594
run9,19.822233200073242
rmse_test_mean,17.87699317932129
rmse_test_max,21.834007263183594
rmse_test_min,14.974514961242676
rmse_test_std,1.946007490158081
