source,AI2+Human
target,Yield_CO_l
run0,14.988670349121094
run1,18.20749855041504
run2,15.100038528442383
run3,13.966571807861328
run4,15.56570816040039
run5,18.0
run6,17.870174407958984
run7,16.735376358032227
run8,17.30307960510254
run9,16.636898040771484
rmse_test_mean,16.43740463256836
rmse_test_max,18.20749855041504
rmse_test_min,13.966571807861328
rmse_test_std,1.387731671333313
