source,AI2+Human
target,Yield_CO_l
run0,0.8287557363510132
run1,0.6939821243286133
run2,0.8476513624191284
run3,0.8432620167732239
run4,0.8241763114929199
run5,0.7303631901741028
run6,0.7339184284210205
run7,0.794298529624939
run8,0.7664366364479065
run9,0.7470146417617798
r2_test_mean,0.7809858977794647
r2_test_max,0.8476513624191284
r2_test_min,0.6939821243286133
r2_test_std,0.051342559037895315
