source,AI2+Human
target,Yield_CO_cl
run0,12.962834358215332
run1,8.96203327178955
run2,13.246322631835938
run3,8.83228588104248
run4,9.209175109863281
run5,9.531335830688477
run6,10.124377250671387
run7,10.233802795410156
run8,11.560456275939941
run9,9.522600173950195
rmse_test_mean,10.418522834777832
rmse_test_max,13.246322631835938
rmse_test_min,8.83228588104248
rmse_test_std,1.5357224941253662
