source,AI2+Human
target,Yield_CO_cl
run0,0.5523152947425842
run1,0.6962367296218872
run2,0.5555150508880615
run3,0.7915084362030029
run4,0.7801775932312012
run5,0.7000043392181396
run6,0.6823873519897461
run7,0.7108193039894104
run8,0.5515803098678589
run9,0.6601712107658386
r2_test_mean,0.6680715620517731
r2_test_max,0.7915084362030029
r2_test_min,0.5515803098678589
r2_test_std,0.08446941656225315
