source,zinc_50572
target,Yield_CO_cl
run0,0.5751643180847168
run1,0.7016823291778564
run2,0.6359338164329529
run3,0.7622400522232056
run4,0.7206215262413025
run5,0.6903222799301147
run6,0.7165942192077637
run7,0.6951987743377686
run8,0.33332347869873047
run9,0.6231710910797119
r2_test_mean,0.6454251885414124
r2_test_max,0.7622400522232056
r2_test_min,0.33332347869873047
r2_test_std,0.11616912465867836
