source,zinc_50572
target,Yield_CO_l
run0,18.99213218688965
run1,17.32370948791504
run2,20.065481185913086
run3,15.7445650100708
run4,16.41836166381836
run5,19.91061019897461
run6,16.40931510925293
run7,19.97132682800293
run8,19.641307830810547
run9,16.129871368408203
rmse_test_mean,18.060667037963867
rmse_test_max,20.065481185913086
rmse_test_min,15.7445650100708
rmse_test_std,1.718073844909668
