target,Yield_CO_cl
run0,11.556171417236328
run1,13.749774932861328
run2,13.080265045166016
run3,13.467066764831543
run4,13.122071266174316
run5,11.766627311706543
run6,8.86174201965332
run7,11.822199821472168
run8,14.775581359863281
run9,12.791594505310059
rmse_test_mean,12.499309539794922
rmse_test_max,14.775581359863281
rmse_test_min,8.86174201965332
rmse_test_std,1.5365257263183594
