target,Yield_CO_l
run0,0.5710939168930054
run1,0.43347787857055664
run2,0.6169654130935669
run3,0.6396796107292175
run4,0.5191251635551453
run5,0.5596776604652405
run6,0.6446043252944946
run7,0.4835604429244995
run8,0.5483114123344421
run9,0.5228437781333923
r2_test_mean,0.553933960199356
r2_test_max,0.6446043252944946
r2_test_min,0.43347787857055664
r2_test_std,0.06445604259951644
