target,Yield_CO_cl
run0,0.6714755892753601
run1,0.4425874352455139
run2,0.5105165243148804
run3,0.5779415965080261
run4,0.4469861388206482
run5,0.5136628150939941
run6,0.7525162696838379
run7,0.4965871572494507
run8,0.18067842721939087
run9,0.3583373427391052
r2_test_mean,0.49512892961502075
r2_test_max,0.7525162696838379
r2_test_min,0.18067842721939087
r2_test_std,0.15081648717609353
