target,Yield_CO_l
run0,23.721174240112305
run1,24.77338218688965
run2,23.942955017089844
run3,21.17615509033203
run4,25.742233276367188
run5,23.00214195251465
run6,20.652729034423828
run7,26.517135620117188
run8,24.06249237060547
run9,22.84835433959961
rmse_test_mean,23.643875122070312
rmse_test_max,26.517135620117188
rmse_test_min,20.652729034423828
rmse_test_std,1.7403004169464111
