target,Yield_CO_l
run0,0.5225895643234253
run1,0.44239121675491333
run2,0.712315559387207
run3,0.600395679473877
run4,0.45627617835998535
run5,0.7367326021194458
run6,0.6914555430412292
run7,0.7278544902801514
run8,0.3844829797744751
run9,0.3300740122795105
r2_test_mean,0.560456782579422
r2_test_max,0.7367326021194458
r2_test_min,0.3300740122795105
r2_test_std,0.1453210371526883
