target,Yield_CO_cl
run0,12.78588581085205
run1,12.481118202209473
run2,14.303997993469238
run3,12.822111129760742
run4,12.90198802947998
run5,10.963349342346191
run6,9.510011672973633
run7,12.083259582519531
run8,15.584009170532227
run9,12.191130638122559
rmse_test_mean,12.5626859664917
rmse_test_max,15.584009170532227
rmse_test_min,9.510011672973633
rmse_test_std,1.5698426961898804
