target,Yield_CO_cl
run0,11.10446548461914
run1,12.140240669250488
run2,13.900672912597656
run3,12.566524505615234
run4,14.606719970703125
run5,12.13570499420166
run6,8.937020301818848
run7,13.502511024475098
run8,15.626432418823242
run9,13.08515453338623
rmse_test_mean,12.760544776916504
rmse_test_max,15.626432418823242
rmse_test_min,8.937020301818848
rmse_test_std,1.7819156646728516
