target,Yield_CO_cl
run0,0.6442046761512756
run1,0.28498804569244385
run2,0.5665894746780396
run3,0.5152829885482788
run4,0.5536912679672241
run5,0.5427945852279663
run6,0.7566678524017334
run7,0.6140848994255066
run8,0.2674725651741028
run9,0.3868052363395691
r2_test_mean,0.513258159160614
r2_test_max,0.7566678524017334
r2_test_min,0.2674725651741028
r2_test_std,0.14846717183730948
