target,Yield_CO_l
run0,0.6083787679672241
run1,0.6570062041282654
run2,0.7455457448959351
run3,0.4472140073776245
run4,0.5338250398635864
run5,0.5773033499717712
run6,0.6989372968673706
run7,0.5797314643859863
run8,0.5068998336791992
run9,0.49337130784988403
r2_test_mean,0.5848213016986847
r2_test_max,0.7455457448959351
r2_test_min,0.4472140073776245
r2_test_std,0.08981875645820268
