target,Yield_CO_s
run0,0.5637352466583252
run1,0.10770601034164429
run2,0.478165864944458
run3,0.5892283916473389
run4,0.43468552827835083
run5,0.5610225200653076
run6,0.5539665818214417
run7,0.6261414289474487
run8,0.5378996133804321
run9,0.3530097007751465
r2_test_mean,0.48055608868598937
r2_test_max,0.6261414289474487
r2_test_min,0.10770601034164429
r2_test_std,0.1457637964066465
