target,Yield_CO_s
run0,20.39116096496582
run1,18.700870513916016
run2,23.78531265258789
run3,18.85702896118164
run4,24.161861419677734
run5,18.551605224609375
run6,18.81485366821289
run7,17.95688819885254
run8,18.957197189331055
run9,19.30537986755371
rmse_test_mean,19.94821548461914
rmse_test_max,24.161861419677734
rmse_test_min,17.95688819885254
rmse_test_std,2.0980145931243896
