target,Yield_CO_l
run0,25.026554107666016
run1,24.57772445678711
run2,20.749942779541016
run3,22.3006649017334
run4,27.3728084564209
run5,17.786130905151367
run6,19.243331909179688
run7,19.249408721923828
run8,28.089311599731445
run9,27.073102951049805
rmse_test_mean,23.14689826965332
rmse_test_max,28.089311599731445
rmse_test_min,17.786130905151367
rmse_test_std,3.5903873443603516
