target,Yield_CO_l
run0,22.666696548461914
run1,19.27613639831543
run2,19.5147762298584
run3,26.22896957397461
run4,25.345722198486328
run5,22.537063598632812
run6,19.008588790893555
run7,23.921052932739258
run8,25.1413516998291
run9,23.543418884277344
rmse_test_mean,22.7183780670166
rmse_test_max,26.22896957397461
rmse_test_min,19.008588790893555
rmse_test_std,2.5126736164093018
