target,Yield_CO_cl
run0,0.5644540786743164
run1,0.41084563732147217
run2,0.48169994354248047
run3,0.5605987310409546
run4,0.5685366988182068
run5,0.6030883193016052
run6,0.7197643518447876
run7,0.5968530178070068
run8,0.1851210594177246
run9,0.44302332401275635
r2_test_mean,0.5133985161781311
r2_test_max,0.7197643518447876
r2_test_min,0.1851210594177246
r2_test_std,0.1377356785458721
